array,N,d,wavelength,lambda_factor,kd,kd_max,max_dx_over_lambda2,L,K_max,Mv,alg,SNR_dB,snapshots,K,delta_deg,doas_true,doas_est,rmse_deg,resolved,runtime_ms,runtime_total_ms,alss,alss_mode,alss_tau,alss_coreL
Z5(N=7),7,1.0,2.0,2.0,3.141592653589793,15.707963267948966,5.0,10,5,7,SpatialMUSIC,10.0,64,2,2.0,-1.000;1.000,-0.800;0.900,0.15811388300867737,1,15.425799996592104,8659.860700019635,off,zero,1.0,3
Z5(N=7),7,1.0,2.0,2.0,3.141592653589793,15.707963267948966,5.0,10,5,10,CoarrayMUSIC,10.0,64,2,2.0,-1.000;1.000,-0.200;0.000,0.9055385138136463,1,0.9282000828534365,8662.918500020169,off,zero,1.0,3
Z5(N=7),7,1.0,2.0,2.0,3.141592653589793,15.707963267948966,5.0,10,5,7,SpatialMUSIC,10.0,64,2,2.0,-1.000;1.000,0.900;1.100,1.3453624047080144,0,8.587599964812398,8.841100032441318,off,zero,1.0,3
Z5(N=7),7,1.0,2.0,2.0,3.141592653589793,15.707963267948966,5.0,10,5,10,CoarrayMUSIC,10.0,64,2,2.0,-1.000;1.000,0.100;0.300,0.9219544457294729,0,0.771600054576993,10.20390004850924,off,zero,1.0,3
Z5(N=7),7,1.0,2.0,2.0,3.141592653589793,15.707963267948966,5.0,10,5,7,SpatialMUSIC,10.0,64,2,2.0,-1.000;1.000,-1.300;-1.100,1.6278820596093557,0,8.622199995443225,9.17839992325753,off,zero,1.0,3
Z5(N=7),7,1.0,2.0,2.0,3.141592653589793,15.707963267948966,5.0,10,5,10,CoarrayMUSIC,10.0,64,2,2.0,-1.000;1.000,-0.200;0.000,0.9055385138136463,1,0.681100063957274,10.553200030699372,off,zero,1.0,3
